sha,author,date,message
4a0ad36ae2e04f3ec504ff80587c4affd7641079,BilgeGates,2024-06-15T12:25:40+00:00,updated
f4f32329bccb28ea03286eb3fbfee2f1c33213fb,BilgeGates,2024-06-15T11:17:46+00:00,Merge branch 'master' of https://github.com/BilgeGates/Weather-App
dd69dc252d5d277b80d98f2d2e54e8c40c3deb9f,BilgeGates,2024-06-15T11:17:43+00:00,updated
04db51aa205f2282081b6fd84217dee83e903e8d,Khatai Huseynzade,2024-06-15T10:52:08+00:00,Update README.md
8f3a84bb281a593288cd1009feb627d9937aed34,BilgeGates,2024-06-15T10:49:57+00:00,added readme file
abbe1959f8921751db25d5ff16335d69a56367b5,BilgeGates,2024-06-15T10:49:54+00:00,added readme file
40faf6119439ccbc4414a14ae470ba6f435cc386,BilgeGates,2024-06-15T10:49:13+00:00,project updated
1862470c628bedb47a5eea6843486cc26826bbe1,BilgeGates,2023-08-26T06:38:19+00:00,updated
f5aaa42bd22a304d0b98227e1775b6eef520069b,BilgeGates,2023-06-13T16:11:37+00:00,some corrections
f0bf88585d82760532f6436b7bf0268aa20c3bca,BilgeGates,2023-06-11T18:12:57+00:00,some corrections
7b45b9f9d8496aea4b7de750f001be38963d3b61,BilgeGates,2023-06-11T18:10:50+00:00,some corrections
28989e8df46b06e5a784fadc8c38a52c00cac575,BilgeGates,2023-06-11T15:40:39+00:00,some corrections
db967748abd7b3bc8e29f407f339fc9b071722bc,BilgeGates,2023-06-11T15:39:14+00:00,Merge branch 'master' of https://github.com/BilgeGates/Weather-App
ef1c343d2cb73930f299b93aa4c26c8eb7aa1400,BilgeGates,2023-06-11T15:39:09+00:00,some corrections
91403fdeda8952b33b4d710631d37e0f2d44d7b0,Khatai Huseynzade,2023-06-11T13:11:28+00:00,Update README.md
7c9f7acf7e739a6fc8328c54a31d7eb8fad013c0,BilgeGates,2023-06-11T12:58:40+00:00,some corrections
1d4292859aef6bbde6c4e3e711615e2ca47032d6,BilgeGates,2023-06-10T15:04:52+00:00,some corrections
2bc892d71642c7936c35ca5bc30382fe206de347,BilgeGates,2023-06-09T09:22:58+00:00,some corrections
fe30f2395a2db92fd488c59ae03e31ac471bfb00,BilgeGates,2023-06-09T07:50:18+00:00,some corrections
057be371153cf557bf44f10e80e7c9691ae3f7a7,BilgeGates,2023-06-08T18:21:07+00:00,some corrections
94f202a6e0bc89265115c0a270240e34bf5b6efd,BilgeGates,2023-06-08T17:17:55+00:00,some corrections
500d76f1209c2c72e7c88875417d7af4e0ccbd37,BilgeGates,2023-06-08T12:04:14+00:00,Merge branch 'master' of https://github.com/BilgeGates/Weather-App
774ad0c44d59445928bdae287d3489c025fd0fa5,BilgeGates,2023-06-08T12:04:09+00:00,some corrections
b72b9155daf5de38fb2f49d521087238a96ab951,Khatai Huseynzade,2023-06-08T12:04:01+00:00,Update README.md
fd4c0cf7c66283b21d0b319f6013f4cee3d70d9b,BilgeGates,2023-06-08T12:02:17+00:00,some corrections
ee5c0bc7b73a255955dd6b0c621132fb08222546,BilgeGates,2023-06-08T11:48:14+00:00,first commit
